City_ID,City,Country,Lat,Lng,Max Temp,Humidity,Cloudiness,Wind Speed,Current Description
0,Ushuaia,AR,-54.8,-68.3,50.0,66,20,4.61,few clouds
1,Port-Gentil,GA,-0.7193,8.7815,80.46,74,100,1.81,overcast clouds
2,Kralendijk,BQ,12.15,-68.2667,78.8,78,75,13.8,broken clouds
3,Rikitea,PF,-23.1203,-134.9692,80.11,73,8,11.52,light rain
4,Broome,US,42.2506,-75.833,51.8,24,1,6.91,clear sky
5,San-Pedro,CI,4.7485,-6.6363,76.39,92,56,6.17,broken clouds
6,Laguna,US,38.421,-121.4238,62.6,39,20,4.61,few clouds
7,Tshela,CD,-4.9833,12.9333,71.55,97,100,0.69,overcast clouds
8,Port Augusta,AU,-32.5,137.7667,82.99,69,0,11.5,clear sky
9,Susangerd,IR,31.5608,48.1831,64.4,59,0,9.91,clear sky
10,Santo Domingo,DO,18.5001,-69.9886,78.01,94,20,4.61,few clouds
11,Pisco,PE,-13.7,-76.2167,69.8,78,0,13.8,clear sky
12,Batagay,RU,67.6333,134.6333,-7.78,90,100,8.88,overcast clouds
13,Itaqui,BR,-29.1253,-56.5531,69.89,90,99,7.07,overcast clouds
14,Oil City,US,41.4339,-79.7064,53.6,22,1,8.05,clear sky
15,Flinders,AU,-34.5833,150.8552,66.99,99,100,7.0,moderate rain
16,Kropotkin,RU,45.4375,40.5756,43.0,46,100,7.65,overcast clouds
17,Severo-Kurilsk,RU,50.6789,156.125,30.9,74,51,25.61,broken clouds
18,Faanui,PF,-16.4833,-151.75,83.79,73,10,15.08,light rain
19,Fairbanks,US,64.8378,-147.7164,24.8,36,1,6.91,clear sky
20,Mataura,NZ,-46.1927,168.8643,57.0,92,79,5.99,broken clouds
21,Hirna,ET,9.2167,41.1,57.85,25,24,0.72,few clouds
22,Tarakan,ID,3.3,117.6333,80.15,79,100,8.99,heavy intensity rain
23,Vaini,TO,-21.2,-175.2,80.6,83,75,6.91,smoke
24,Olafsvik,IS,64.8945,-23.7142,36.12,67,100,27.51,overcast clouds
25,Chokurdakh,RU,70.6333,147.9167,-8.9,89,90,9.64,overcast clouds
26,Southbridge,US,42.0751,-72.0334,42.01,71,0,3.27,clear sky
27,Bambous Virieux,MU,-20.3428,57.7575,77.0,94,40,5.75,scattered clouds
28,Saskylakh,RU,71.9167,114.0833,-25.1,94,38,5.59,scattered clouds
29,Kiruna,SE,67.8557,20.2251,39.2,70,100,20.71,overcast clouds
30,Geraldton,AU,-28.7667,114.6,75.2,43,0,19.57,clear sky
31,Barrow,US,71.2906,-156.7887,-7.6,64,90,5.75,overcast clouds
32,Bredasdorp,ZA,-34.5322,20.0403,66.2,72,11,13.8,few clouds
33,Boa Vista,BR,2.8197,-60.6733,84.2,61,0,10.36,clear sky
34,Jamestown,US,42.097,-79.2353,53.6,17,1,6.29,clear sky
35,Saint-Pierre,RE,-21.3393,55.4781,78.8,73,0,5.75,clear sky
36,Bukama,CD,-9.2,25.85,67.19,97,100,2.55,overcast clouds
37,Yeppoon,AU,-23.1333,150.7333,80.6,83,75,8.05,broken clouds
38,Touros,BR,-5.1989,-35.4608,77.0,94,20,3.44,few clouds
39,Hermanus,ZA,-34.4187,19.2345,66.0,77,1,11.01,clear sky
40,Ammon,US,43.4696,-111.9666,33.8,93,90,6.91,overcast clouds
41,Carutapera,BR,-1.195,-46.02,72.48,94,78,1.66,broken clouds
42,Thinadhoo,MV,0.5333,72.9333,82.96,67,39,5.86,scattered clouds
43,Norman Wells,CA,65.282,-126.8329,-2.2,65,20,8.05,few clouds
44,Puerto Colombia,CO,10.9878,-74.9547,78.8,83,20,5.75,few clouds
45,Bluff,NZ,-46.6,168.3333,57.0,92,90,5.99,overcast clouds
46,Thompson,CA,55.7435,-97.8558,14.0,44,75,10.36,snow
47,Dikson,RU,73.5069,80.5464,-20.78,85,92,3.2,overcast clouds
48,Hualmay,PE,-11.0964,-77.6139,71.02,83,63,8.79,broken clouds
49,Asau,RO,46.4333,26.4,32.0,59,0,12.66,clear sky
50,Cape Town,ZA,-33.9258,18.4232,66.99,68,0,13.8,clear sky
51,Mehamn,NO,71.0357,27.8492,34.07,94,100,24.16,light rain
52,Hobart,AU,-42.8794,147.3294,75.99,46,40,13.8,scattered clouds
53,Proletariy,RU,58.4342,31.7046,14.81,97,48,3.15,scattered clouds
54,Margate,GB,51.3813,1.3862,39.99,85,42,10.92,scattered clouds
55,Kodinsk,RU,58.6881,99.1844,28.11,86,88,3.71,overcast clouds
56,Khatanga,RU,71.9667,102.5,-12.26,80,88,5.73,overcast clouds
57,Butaritari,KI,3.0707,172.7902,81.25,80,98,19.01,light rain
58,Roma,US,43.2128,-75.4557,44.6,45,1,5.75,clear sky
59,Esperance,AU,-33.8667,121.9,62.6,63,90,13.8,overcast clouds
60,Matara,LK,5.9485,80.5353,80.51,77,62,7.85,heavy intensity rain
61,Ribeira Grande,PT,38.5167,-28.7,57.2,62,40,18.41,scattered clouds
62,Codrington,AU,-38.2667,141.9667,68.04,76,98,6.91,overcast clouds
63,Luderitz,NA,-26.6481,15.1594,66.27,75,50,5.23,scattered clouds
64,Mar Del Plata,AR,-38.0023,-57.5575,66.0,88,99,10.31,overcast clouds
65,Cherskiy,RU,68.75,161.3,11.77,59,100,5.21,overcast clouds
66,Yellowknife,CA,62.456,-114.3525,-5.01,54,20,8.05,few clouds
67,Zaranj,AF,30.9667,61.8833,46.4,42,0,4.61,clear sky
68,Kapaa,US,22.0752,-159.319,75.2,69,1,9.22,clear sky
69,Wewak,PG,-3.5534,143.6268,86.02,65,96,3.31,overcast clouds
70,Iquique,CL,-20.2208,-70.1431,68.0,60,0,13.8,clear sky
71,Hilo,US,19.7297,-155.09,71.6,83,90,14.97,moderate rain
72,Puerto Ayora,EC,-0.7393,-90.3518,78.01,90,25,1.99,light rain
73,Goderich,CA,43.7501,-81.7165,55.4,35,100,5.75,overcast clouds
74,Karaton,ID,-6.3424,106.1045,89.01,62,20,12.66,few clouds
75,Amahai,ID,-3.3333,128.9167,87.69,60,90,5.7,overcast clouds
76,Tocumen,PA,9.0833,-79.3833,78.8,69,20,5.75,few clouds
77,Tromso,NO,69.6496,18.957,39.2,87,75,35.68,broken clouds
78,Port Alfred,ZA,-33.5906,26.891,63.45,83,31,7.2,scattered clouds
79,Carnarvon,AU,-24.8667,113.6333,80.6,57,0,25.32,clear sky
80,Busselton,AU,-33.65,115.3333,62.01,62,53,3.0,broken clouds
81,Georgetown,MY,5.4112,100.3354,87.8,58,20,6.91,few clouds
82,Punta Arenas,CL,-53.15,-70.9167,50.0,71,75,4.61,broken clouds
83,Liku,ID,-0.7275,119.8922,86.31,65,100,1.59,overcast clouds
84,Cidreira,BR,-30.1811,-50.2056,74.26,72,99,11.14,overcast clouds
85,Lishui,CN,28.4604,119.9103,61.27,51,8,3.58,clear sky
86,Egvekinot,RU,66.3167,-179.1667,-10.34,97,83,3.56,broken clouds
87,Ust-Kuyga,RU,70.0167,135.6,-9.47,90,100,8.41,overcast clouds
88,Upernavik,GL,72.7868,-56.1549,-9.99,96,100,7.56,overcast clouds
89,Marau,BR,-28.4492,-52.2,64.78,98,87,6.35,overcast clouds
90,Diamantino,BR,-14.4086,-56.4461,70.12,92,2,3.83,clear sky
91,New Norfolk,AU,-42.7826,147.0587,75.99,39,31,1.99,scattered clouds
92,Nemuro,JP,43.3236,145.575,42.8,52,20,10.36,few clouds
93,Klaksvik,FO,62.2266,-6.589,41.0,93,90,5.75,drizzle
94,Ponta Do Sol,PT,32.6667,-17.1,55.0,58,11,4.0,few clouds
95,Haines Junction,CA,60.7522,-137.5108,21.2,33,93,3.44,overcast clouds
96,Ramos Arizpe,MX,25.55,-100.9667,82.4,26,40,17.27,scattered clouds
97,Bull Savanna,JM,17.8868,-77.5902,72.7,79,5,3.91,clear sky
98,Kulu,TR,39.0951,33.0799,48.79,59,90,4.21,overcast clouds
99,La Plata,AR,-34.9215,-57.9545,64.99,92,85,5.68,overcast clouds
100,Suamico,US,44.6319,-88.0393,54.0,58,90,5.75,overcast clouds
101,Kenai,US,60.5544,-151.2583,28.4,50,1,8.05,clear sky
102,Palmas De Monte Alto,BR,-14.2672,-43.1619,72.64,52,95,5.44,overcast clouds
103,Gat,IL,31.61,34.7642,78.01,40,100,4.0,overcast clouds
104,Kodiak,US,57.79,-152.4072,33.8,80,90,6.91,light rain
105,Betong,TH,5.7743,101.0723,87.87,47,77,4.09,broken clouds
106,Kuito,AO,-12.3833,16.9333,57.38,94,74,2.28,broken clouds
107,Menongue,AO,-14.6585,17.691,61.41,95,18,3.69,few clouds
108,Atar,MR,20.5169,-13.0499,70.72,16,0,5.93,clear sky
109,Taveta,KE,-3.3963,37.6736,68.05,89,86,3.44,overcast clouds
110,Bandarbeyla,SO,9.4942,50.8122,74.75,64,0,6.02,clear sky
111,Lorengau,PG,-2.0226,147.2712,81.09,77,100,3.67,heavy intensity rain
112,Fortuna,US,40.5982,-124.1573,48.99,87,90,14.97,overcast clouds
113,Castro,BR,-24.7911,-50.0119,63.9,91,99,2.84,overcast clouds
114,Tasiilaq,GL,65.6145,-37.6368,19.4,73,75,3.44,broken clouds
115,Richards Bay,ZA,-28.783,32.0377,65.43,87,80,6.51,broken clouds
116,Albany,US,42.6001,-73.9662,48.99,41,0,3.31,clear sky
117,Slave Lake,CA,55.2834,-114.769,17.6,73,1,3.44,clear sky
118,Pacific Grove,US,36.6177,-121.9166,53.6,76,40,13.8,scattered clouds
119,Arraial Do Cabo,BR,-22.9661,-42.0278,76.28,84,31,5.7,scattered clouds
120,Pevek,RU,69.7008,170.3133,-11.04,92,50,1.21,scattered clouds
121,Batemans Bay,AU,-35.7167,150.1833,68.0,100,100,17.13,moderate rain
122,Bengkulu,ID,-3.8004,102.2655,83.48,66,83,1.74,broken clouds
123,Port Blair,IN,11.6667,92.75,85.69,64,100,8.77,overcast clouds
124,Kaitangata,NZ,-46.2817,169.8464,60.01,84,20,5.01,few clouds
125,Walvis Bay,NA,-22.9575,14.5053,63.0,88,7,2.3,clear sky
126,Lebu,CL,-37.6167,-73.65,55.02,90,39,10.42,scattered clouds
127,Tuktoyaktuk,CA,69.4541,-133.0374,-9.4,84,1,14.97,clear sky
128,Bethel,US,41.3712,-73.414,43.0,85,0,1.3,clear sky
129,Xiaolingwei,CN,32.0333,118.85,60.8,33,0,6.71,clear sky
130,Kharhial,IN,20.2833,82.7667,89.02,19,9,2.33,clear sky
131,Ishigaki,JP,24.3448,124.1572,68.0,56,75,16.11,broken clouds
132,Havelock,US,34.8791,-76.9013,55.99,94,90,18.41,overcast clouds
133,Kupang,ID,-10.1667,123.5833,86.0,74,20,4.61,few clouds
134,Port Elizabeth,ZA,-33.918,25.5701,55.4,94,0,3.44,clear sky
135,Okha,RU,53.5739,142.9478,22.05,70,82,11.14,broken clouds
136,Guerrero Negro,MX,27.9769,-114.0611,57.78,81,97,17.74,overcast clouds
137,Camacha,PT,33.0833,-16.3333,59.0,51,75,8.05,broken clouds
138,Yarada,IN,17.65,83.2667,80.6,69,20,4.61,smoke
139,El Jicaro,GT,14.9167,-89.9,75.92,68,38,2.24,scattered clouds
140,Taoudenni,ML,22.6783,-3.9836,63.34,22,87,12.03,overcast clouds
141,Victoria,HK,22.2855,114.1577,66.99,60,99,1.99,overcast clouds
142,Krasnoselkup,RU,65.7,82.4667,5.56,93,100,10.63,overcast clouds
143,Lata,PT,40.1629,-8.3327,51.01,85,16,2.35,few clouds
144,Atuona,PF,-9.8,-139.0333,80.62,77,3,18.37,clear sky
145,San Vicente,AR,-26.6167,-54.1333,67.19,95,98,1.07,overcast clouds
146,Wajima,JP,37.4,136.9,50.0,46,40,14.97,scattered clouds
147,Leningradskiy,RU,69.3833,178.4167,-6.34,86,1,5.75,clear sky
148,Camana,PE,-16.6228,-72.7111,71.51,82,100,5.35,overcast clouds
149,Longyearbyen,SJ,78.2186,15.6401,17.6,67,40,26.46,snow
150,Katsuura,JP,35.1333,140.3,57.0,47,20,6.91,few clouds
151,East London,ZA,-33.0153,27.9116,64.74,79,18,7.18,few clouds
152,Constitucion,CL,-35.3333,-72.4167,57.78,81,0,13.38,clear sky
153,Myitkyina,MM,25.3833,97.4,88.86,22,3,1.86,clear sky
154,Tahta,EG,26.7693,31.5021,73.4,31,0,4.61,clear sky
155,Ilulissat,GL,69.2167,-51.1,-0.4,71,75,11.5,broken clouds
156,Kentau,KZ,43.5206,68.5094,43.52,94,100,16.31,overcast clouds
157,Beisfjord,NO,68.3751,17.5988,42.8,81,90,25.32,overcast clouds
158,Port Hedland,AU,-20.3167,118.5667,93.2,33,3,3.44,clear sky
159,Ewa Beach,US,21.3156,-158.0072,80.6,57,40,12.66,smoke
160,Evensk,RU,61.95,159.2333,23.04,86,100,18.88,light snow
161,Omboue,GA,-1.5746,9.2618,76.89,87,100,2.3,overcast clouds
162,Sao Francisco,BR,-15.9486,-44.8644,69.44,64,60,2.08,broken clouds
163,Westport,US,41.1415,-73.3579,44.6,81,1,3.44,clear sky
164,College,US,64.8569,-147.8028,24.8,30,75,3.44,broken clouds
165,Avarua,CK,-21.2078,-159.775,82.4,78,61,6.69,broken clouds
166,Sault Sainte Marie,CA,46.5168,-84.3333,39.2,93,90,4.61,fog
167,North Battleford,CA,52.7834,-108.2847,30.2,80,90,18.41,light snow
168,Urumqi,CN,43.801,87.6005,39.2,65,93,6.71,smoke
169,Goundam,ML,16.4145,-3.6708,76.19,18,22,11.54,few clouds
170,Whitehorse,CA,60.7161,-135.0538,19.99,49,20,2.3,few clouds
171,San Patricio,US,28.017,-97.5169,70.0,83,90,23.02,overcast clouds
172,Sao Joao Da Barra,BR,-21.6403,-41.0511,75.9,91,0,6.82,clear sky
173,Saldanha,ZA,-33.0117,17.9442,69.8,52,0,3.44,clear sky
174,Qaqortoq,GL,60.7167,-46.0333,15.8,53,75,5.75,broken clouds
175,Ugoofaaru,MV,5.6667,73.0,83.34,72,7,5.68,clear sky
176,Muswellbrook,AU,-32.2667,150.9,64.76,98,100,1.43,overcast clouds
177,Karratha,AU,-20.7377,116.8463,89.87,41,3,8.21,clear sky
178,Mpanda,TZ,-6.3655,31.0409,63.77,98,87,4.41,light rain
179,Tual,ID,-5.6667,132.75,84.16,68,92,2.17,overcast clouds
180,Sitka,US,57.0531,-135.33,39.2,81,90,5.75,overcast clouds
181,Kautokeino,NO,69.0125,23.0412,28.89,81,100,17.18,overcast clouds
182,Marawi,PH,7.9986,124.2928,82.99,77,37,4.0,scattered clouds
183,Coihaique,CL,-45.5752,-72.0662,53.6,76,75,3.44,broken clouds
184,Srednekolymsk,RU,67.45,153.6833,9.12,92,100,15.26,light snow
185,Rio Grande,BR,-32.035,-52.0986,72.0,80,100,8.37,overcast clouds
186,Saint-Georges,GD,12.0564,-61.7485,80.6,74,20,23.02,few clouds
187,Lagoa,PT,39.05,-27.9833,55.58,74,100,21.94,overcast clouds
188,Hofn,IS,64.2539,-15.2082,37.69,71,100,19.98,overcast clouds
189,Beyneu,KZ,45.3167,55.2,34.21,79,9,9.44,clear sky
190,Oliveira Dos Brejinhos,BR,-12.3169,-42.8961,74.21,53,70,2.75,broken clouds
191,Moose Factory,CA,51.2585,-80.6094,28.4,93,1,3.44,clear sky
192,Basco,PH,20.4487,121.9702,71.94,74,100,27.02,overcast clouds
193,Samarai,PG,-10.6167,150.6667,85.01,71,51,3.78,broken clouds
194,Hasaki,JP,35.7333,140.8333,59.0,33,20,6.91,few clouds
195,Isangel,VU,-19.55,169.2667,84.2,65,75,11.5,broken clouds
196,Karla,EE,59.3723,24.9275,26.01,93,40,3.44,fog
197,Honiara,SB,-9.4333,159.95,86.14,69,68,5.48,broken clouds
198,Dickinson,US,29.4608,-95.0513,69.01,94,75,13.8,broken clouds
199,Mahebourg,MU,-20.4081,57.7,75.2,94,40,5.75,scattered clouds
200,Aasiaat,GL,68.7098,-52.8699,-7.01,94,100,17.76,overcast clouds
201,Qianan,CN,44.9932,124.0581,52.59,36,99,10.09,overcast clouds
202,Dongsheng,CN,39.8161,109.9776,48.36,24,15,10.0,few clouds
203,Poronaysk,RU,49.2167,143.1167,32.7,88,3,10.6,clear sky
204,Saint-Louis,SN,16.3333,-15.0,69.03,35,69,10.4,broken clouds
205,Hithadhoo,MV,-0.6,73.0833,83.35,69,7,7.76,clear sky
206,Bingol,TR,38.8847,40.4939,44.94,90,98,1.79,overcast clouds
207,San Rafael,AR,-34.6177,-68.3301,66.76,52,0,9.35,clear sky
208,Chuy,UY,-33.6971,-53.4616,66.96,72,94,5.17,overcast clouds
209,Mount Isa,AU,-20.7333,139.5,91.4,43,75,9.22,broken clouds
210,Norsup,VU,-16.0667,167.3833,82.13,73,28,2.42,scattered clouds
211,Kalabo,ZM,-14.97,22.6814,65.43,88,10,5.12,clear sky
212,Sabha,LY,27.0377,14.4283,49.87,62,39,5.88,scattered clouds
213,Comodoro Rivadavia,AR,-45.8667,-67.5,69.8,43,0,14.97,clear sky
214,Jacqueville,CI,5.2052,-4.4146,78.8,89,20,3.44,few clouds
215,Alta Floresta,BR,-9.8756,-56.0861,69.4,96,93,3.42,overcast clouds
216,Quarai,BR,-30.3875,-56.4514,68.68,88,99,7.05,overcast clouds
217,Alofi,NU,-19.0595,-169.9187,86.0,79,75,11.5,broken clouds
218,Kabinda,CD,-6.1333,24.4833,64.38,96,99,2.1,overcast clouds
219,At-Bashi,KG,41.1702,75.8106,31.12,69,96,2.55,overcast clouds
220,Lodja,CD,-3.4833,23.4333,65.84,99,41,0.96,scattered clouds
221,Saint-Philippe,RE,-21.3585,55.7679,78.8,73,0,5.75,clear sky
222,Creel,MX,27.75,-107.6333,35.98,18,50,7.52,scattered clouds
223,Cabo San Lucas,MX,22.8909,-109.9124,69.01,60,40,6.91,scattered clouds
224,Shingu,JP,33.7333,135.9833,53.6,47,20,9.22,few clouds
225,Ancud,CL,-41.8697,-73.8203,52.0,93,20,3.44,few clouds
226,Qaanaaq,GL,77.484,-69.3632,-17.88,68,62,6.58,broken clouds
227,Tuatapere,NZ,-46.1333,167.6833,57.0,92,95,5.99,overcast clouds
228,Sao Mateus,BR,-18.7161,-39.8589,72.63,92,0,1.7,clear sky
229,Imbituba,BR,-28.24,-48.6703,73.4,94,75,10.36,broken clouds
230,Ocumare Del Tuy,VE,10.1165,-66.7761,78.8,73,20,2.3,few clouds
231,Saint George,US,37.1041,-113.5841,57.2,21,1,8.05,clear sky
232,Kavieng,PG,-2.5744,150.7967,81.88,79,99,13.58,light rain
233,Micheweni,TZ,-4.9667,39.8333,81.45,74,54,5.68,broken clouds
234,Biskamzha,RU,53.4497,89.5272,33.44,83,91,9.69,overcast clouds
235,Santiago Del Estero,AR,-27.7951,-64.2615,63.48,82,44,4.72,scattered clouds
236,Yurla,RU,59.3259,54.3223,23.38,95,100,6.04,overcast clouds
237,Lazaro Cardenas,MX,17.9583,-102.2,73.13,64,0,4.38,clear sky
238,Caldas Novas,BR,-17.7417,-48.625,66.09,77,85,1.74,overcast clouds
239,Saint Anthony,US,45.0205,-93.218,53.6,32,1,4.61,clear sky
240,Camalu,MX,30.85,-116.0667,55.0,51,0,4.0,clear sky
241,Frederiksvaerk,DK,55.9707,12.0225,41.0,100,100,1.99,overcast clouds
242,Nikolskoye,RU,59.7035,30.7861,19.4,79,0,4.47,clear sky
243,Riyadh,SA,24.6877,46.7219,73.4,18,0,5.75,clear sky
244,Cuamba,MZ,-14.8031,36.5372,67.46,98,97,1.79,light rain
245,Grand Gaube,MU,-20.0064,57.6608,77.0,88,68,5.01,broken clouds
246,Taltal,CL,-25.4,-70.4833,67.03,78,4,0.65,clear sky
247,Villazon,BO,-22.0866,-65.5942,50.43,79,100,4.85,overcast clouds
248,Provideniya,RU,64.3833,-173.3,6.8,61,0,4.47,clear sky
249,Talnakh,RU,69.4865,88.3972,5.99,93,100,10.27,light snow
250,Ilhabela,BR,-23.7781,-45.3581,76.51,84,72,2.77,broken clouds
251,Tiksi,RU,71.6872,128.8694,-16.04,96,100,6.98,overcast clouds
252,Maebaru,JP,33.55,130.2,62.01,41,20,14.97,few clouds
253,George,ZA,-33.963,22.4617,55.4,94,0,3.44,clear sky
254,Erenhot,CN,43.6475,111.9767,45.1,21,100,10.13,overcast clouds
255,Luena,AO,-11.7833,19.9167,60.21,97,15,0.89,few clouds
256,Skjold,DK,55.7971,9.9397,39.99,93,100,5.99,overcast clouds
257,Half Moon Bay,US,37.4636,-122.4286,55.4,87,90,12.66,mist
258,Viedma,AR,-40.8135,-62.9967,68.41,35,1,14.25,clear sky
259,Necochea,AR,-38.5473,-58.7368,54.0,93,72,1.99,broken clouds
260,Xiongzhou,CN,25.1167,114.3,62.31,47,100,2.86,overcast clouds
261,Port Hardy,CA,50.6996,-127.4199,44.6,76,40,9.22,scattered clouds
262,Marchena,ES,37.329,-5.4168,51.01,87,0,4.61,clear sky
263,Ordynskoye,RU,54.3656,81.8994,25.97,92,100,6.29,overcast clouds
264,Vardo,NO,70.3705,31.1107,30.24,90,100,29.44,light snow
265,Sola,VU,-13.8833,167.55,81.03,69,9,6.55,light rain
266,Sandwick,GB,60.0,-1.25,46.4,87,75,12.66,broken clouds
267,Shakawe,BW,-18.3667,21.85,69.06,76,71,3.42,broken clouds
268,Poum,NC,-20.2333,164.0167,80.29,68,66,13.42,broken clouds
269,Uray,RU,60.1247,64.7758,17.8,93,100,9.42,overcast clouds
270,Lamu,KE,-2.2717,40.902,80.6,83,20,4.61,few clouds
271,Waipawa,NZ,-41.4122,175.5153,64.0,72,100,10.36,overcast clouds
272,Havoysund,NO,70.9963,24.6622,37.4,75,75,16.11,broken clouds
273,Aksu,CN,41.1231,80.2644,50.76,35,100,4.41,overcast clouds
274,Ambon,ID,-3.6954,128.1814,91.4,62,20,5.75,few clouds
275,Moron,AR,-34.6534,-58.6198,68.0,81,53,0.34,broken clouds
276,Madang,PG,-5.2246,145.7966,87.55,64,86,6.96,overcast clouds
277,Tecpan,GT,14.7623,-90.9947,64.4,82,75,11.5,broken clouds
278,Torbay,CA,47.6666,-52.7314,39.2,52,20,19.57,few clouds
279,Marsh Harbour,BS,26.5412,-77.0636,69.69,66,0,8.66,clear sky
280,Puerto Penasco,MX,31.3167,-113.5333,63.0,69,0,11.99,clear sky
281,Naze,JP,28.3667,129.4833,64.4,48,75,10.36,broken clouds
282,Beringovskiy,RU,63.05,179.3167,16.99,89,100,10.51,overcast clouds
283,San Juan,AR,-31.5375,-68.5364,68.27,46,0,1.81,clear sky
284,Baturite,BR,-4.3286,-38.8847,72.03,94,16,2.24,few clouds
285,Pionerskiy,RU,54.9508,20.2275,39.2,87,0,6.71,clear sky
286,Eshowe,ZA,-28.8865,31.4699,56.61,86,57,4.72,broken clouds
287,Loukhi,RU,66.0764,33.0381,16.92,82,100,8.37,overcast clouds
288,Vestmannaeyjar,IS,63.4427,-20.2734,39.4,51,100,29.55,overcast clouds
289,Gouyave,GD,12.1646,-61.7296,80.6,74,20,23.02,few clouds
290,Segovia,ES,41.1667,-4.0,39.99,61,12,4.83,few clouds
291,Vasilyevo,RU,55.836,48.6582,28.4,93,90,8.95,overcast clouds
292,Cuiluan,CN,47.72,128.648,42.62,55,38,10.58,scattered clouds
293,Chontalpa,MX,17.7,-93.5167,72.48,80,0,6.46,clear sky
294,Pyinmana,MM,19.7333,96.2167,92.34,39,0,11.48,clear sky
295,Mujiayingzi,CN,42.1167,118.7833,54.07,16,100,13.38,overcast clouds
296,Guane,CU,22.2025,-84.0875,64.65,77,5,5.23,clear sky
297,Odlabari,IN,26.8333,88.6167,86.95,16,19,4.72,few clouds
298,Colares,PT,38.7992,-9.4469,55.99,62,4,11.99,clear sky
299,Narsaq,GL,60.9167,-46.05,15.8,53,75,5.75,broken clouds
300,Karatau,KZ,43.1667,70.4667,50.02,64,28,34.81,scattered clouds
301,Mount Gambier,AU,-37.8333,140.7667,71.6,68,90,9.22,overcast clouds
302,Bathsheba,BB,13.2167,-59.5167,77.0,61,20,18.41,few clouds
303,Berlevag,NO,70.8578,29.0864,32.38,89,100,29.39,light snow
304,Sidney,AU,-33.8679,151.2073,66.2,94,75,19.57,moderate rain
305,Mani,CO,4.8172,-72.2886,78.98,72,100,4.27,overcast clouds
306,Pemangkat,ID,1.1667,108.9667,83.62,70,50,4.47,scattered clouds
307,Honningsvag,NO,70.9821,25.9704,35.58,90,100,29.91,overcast clouds
308,Bulawayo,ZW,-20.15,28.5833,61.92,89,97,13.13,overcast clouds
309,Airai,TL,-8.9266,125.4092,72.23,70,99,1.79,overcast clouds
310,Nome,US,64.5011,-165.4064,1.4,71,1,17.27,clear sky
311,Amethi,IN,26.15,81.8167,88.29,15,2,2.57,clear sky
312,Chara,RU,56.9064,118.2631,4.82,82,94,2.57,overcast clouds
313,Gambela,ET,8.25,34.5833,77.5,53,36,3.6,scattered clouds
314,Nouadhibou,MR,20.931,-17.0347,60.8,72,0,17.27,clear sky
315,Mulege,MX,26.8833,-111.9833,60.33,40,82,3.27,broken clouds
316,Godo,JP,35.4167,136.6,54.0,43,20,5.75,few clouds
317,Coquimbo,CL,-29.9533,-71.3436,59.0,94,0,1.14,clear sky
318,Kharan,PK,28.5833,65.4167,66.7,29,0,3.15,clear sky
319,Ayan,RU,56.45,138.1667,3.79,50,2,18.95,clear sky
320,Rusape,ZW,-18.5278,32.1284,58.35,98,73,3.8,broken clouds
321,Avera,US,33.194,-82.5271,57.99,77,40,5.75,scattered clouds
322,Craig,US,40.5153,-107.5464,39.2,38,90,13.71,overcast clouds
323,Carballo,ES,43.213,-8.691,50.0,100,0,5.75,clear sky
324,Valdivia,CL,-39.8142,-73.2459,55.4,71,91,3.44,overcast clouds
325,Yar-Sale,RU,66.8333,70.8333,7.12,96,97,7.45,overcast clouds
326,Nanortalik,GL,60.1432,-45.2371,21.72,70,48,9.6,scattered clouds
327,Marsa Matruh,EG,31.3525,27.2453,63.93,75,89,16.82,overcast clouds
328,Manta,EC,-0.95,-80.7333,77.0,78,40,3.44,scattered clouds
329,Nuevo Progreso,MX,23.1667,-97.95,73.0,66,54,3.0,broken clouds
330,Puerto Escondido,MX,15.85,-97.0667,80.6,78,1,9.22,clear sky
331,Rawson,AR,-43.3002,-65.1023,63.79,64,0,6.6,clear sky
332,Opuwo,NA,-18.0607,13.84,70.41,76,96,0.54,light rain
333,Labuhan,ID,-6.8844,112.2051,84.27,68,100,4.18,overcast clouds
334,Pangnirtung,CA,66.1451,-65.7125,-27.96,98,100,4.47,overcast clouds
335,Zhigansk,RU,66.7697,123.3711,-17.66,87,67,12.19,broken clouds
336,Borogontsy,RU,62.6683,131.1683,-6.7,90,100,11.12,overcast clouds
337,Muzhi,RU,65.3667,64.6667,20.46,96,100,5.66,light snow
338,Obidos,BR,-1.9175,-55.5181,75.4,91,98,3.29,overcast clouds
339,Ormara,PK,25.2088,64.6357,74.66,72,0,5.84,clear sky
340,Vao,NC,-22.6667,167.4833,76.03,65,100,13.65,overcast clouds
341,Mazagao,BR,-0.115,-51.2894,78.8,94,20,4.61,few clouds
342,Diban,SY,35.0365,40.5167,67.03,54,98,5.48,overcast clouds
343,Hami,CN,42.8,93.45,52.21,21,95,4.88,overcast clouds
344,Sankheda,IN,22.1667,73.5833,77.0,61,22,9.22,smoke
345,Darhan,MN,49.4867,105.9228,32.63,69,18,1.39,few clouds
346,Mayo,US,38.8876,-76.5119,48.2,93,1,5.1,clear sky
347,Fort Nelson,CA,58.8053,-122.7002,17.6,73,75,3.44,light snow
348,Montreal,CA,45.5088,-73.5878,50.0,34,24,2.3,few clouds
349,Ekibastuz,KZ,51.6667,75.3667,27.81,91,100,10.25,snow
350,Kushiro,JP,42.975,144.3747,44.6,42,40,10.36,scattered clouds
351,Hay River,CA,60.8156,-115.7999,-11.2,70,100,8.05,overcast clouds
352,Bambari,CF,5.768,20.6757,74.68,70,100,2.82,overcast clouds
353,Mporokoso,ZM,-9.3727,30.125,61.03,97,100,1.5,moderate rain
354,Bacolod,PH,10.6667,122.95,88.0,57,100,13.78,overcast clouds
355,Saint-Joseph,RE,-21.3667,55.6167,78.8,73,0,5.75,clear sky
356,Adelaide,AU,-34.9333,138.6,79.0,64,20,14.97,few clouds
357,Nelson Bay,AU,-32.7167,152.15,69.8,94,90,12.66,moderate rain
358,Iquitos,PE,-3.7481,-73.2472,75.2,94,75,3.44,broken clouds
359,Bilibino,RU,68.0546,166.4372,3.54,63,100,5.17,overcast clouds
360,Osakarovka,KZ,50.565,72.5692,26.67,96,100,17.72,snow
361,Ranchi,IN,23.35,85.3333,73.4,49,3,4.38,haze
362,Dibulla,CO,11.2725,-73.3091,77.68,83,97,3.04,overcast clouds
363,Salalah,OM,17.0151,54.0924,73.4,46,0,3.44,clear sky
364,Alyangula,AU,-13.8483,136.4192,84.33,72,73,7.87,broken clouds
365,Mpongwe,ZM,-13.5091,28.155,62.73,96,64,6.82,broken clouds
366,Eyl,SO,7.9803,49.8164,71.87,71,6,8.59,clear sky
367,Souillac,MU,-20.5167,57.5167,75.2,94,40,5.75,scattered clouds
368,Lingao,CN,19.9103,109.6859,70.09,73,95,13.38,overcast clouds
369,Los Llanos De Aridane,ES,28.6585,-17.9182,64.4,63,90,12.66,overcast clouds
370,Olinda,BR,-8.0089,-34.8553,78.8,73,40,6.91,scattered clouds
371,Noyabrsk,RU,63.1994,75.4507,10.45,97,98,11.07,overcast clouds
372,Suntar,RU,62.1444,117.6319,-4.65,83,67,2.06,broken clouds
373,Aklavik,CA,68.2191,-135.0107,3.2,51,12,5.75,few clouds
374,Kieta,PG,-6.2167,155.6333,84.99,73,100,5.68,light rain
375,Camrose,CA,53.0168,-112.8353,28.0,76,100,8.01,overcast clouds
376,Pryvillya,UA,49.015,38.3046,33.89,96,100,3.76,snow
377,Pinyug,RU,60.251,47.7842,23.4,95,100,6.33,overcast clouds
378,Sao Felix Do Xingu,BR,-6.6447,-51.995,70.07,98,78,1.3,broken clouds
379,Posse,BR,-14.0931,-46.3694,69.57,57,100,2.53,overcast clouds
380,Buala,SB,-8.145,159.5921,85.15,71,63,6.44,light rain
381,Imuris,MX,30.7833,-110.8667,53.65,14,0,5.97,clear sky
382,Promyshlennaya,RU,54.9159,85.6385,28.4,74,90,15.66,overcast clouds
383,Salvador,SV,13.8333,-88.9167,77.0,73,0,2.3,clear sky
384,Killybegs,IE,54.6333,-8.45,46.99,87,88,10.0,overcast clouds
385,Ryotsu,JP,38.0833,138.4333,46.4,81,75,11.5,broken clouds
386,Namibe,AO,-15.1961,12.1522,70.99,80,28,4.38,scattered clouds
387,Port Lincoln,AU,-34.7333,135.8667,72.43,56,1,11.14,clear sky
388,Kuopio,FI,62.8924,27.677,5.0,85,0,5.75,clear sky
389,Katherine,AU,-14.4667,132.2667,91.4,58,40,4.61,scattered clouds
390,Vysotskoye,RU,45.025,42.9064,32.0,100,40,8.95,mist
391,Zeya,RU,53.75,127.2667,18.52,48,0,8.55,clear sky
392,Coahuayana,MX,18.7333,-103.6833,67.1,75,0,2.17,clear sky
393,Bonfim,BR,3.0833,-59.95,82.2,62,81,9.33,broken clouds
394,Iqaluit,CA,63.7506,-68.5145,-22.0,57,20,17.27,snow
395,Cockburn Town,TC,21.4612,-71.1419,77.54,75,2,13.4,clear sky
396,Iberia,US,29.9502,-91.7507,66.2,68,90,14.97,overcast clouds
397,Xining,CN,36.6167,101.7667,46.17,11,0,1.99,clear sky
398,Whitianga,NZ,-36.8333,175.7,66.02,63,33,6.49,scattered clouds
399,Esso,RU,55.9333,158.7,23.25,76,99,26.98,overcast clouds
400,Hobyo,SO,5.3505,48.5268,77.63,66,6,13.73,clear sky
401,Cayenne,GF,4.9333,-52.3333,75.99,94,90,2.3,overcast clouds
402,Vostok,RU,46.4856,135.8833,32.45,79,49,8.95,scattered clouds
403,Denpasar,ID,-8.65,115.2167,86.0,74,20,8.05,few clouds
404,Bilma,NE,18.6853,12.9164,81.7,16,31,10.78,scattered clouds
405,Lloydminster,CA,53.2835,-110.0016,26.6,80,90,11.5,light snow
406,Singapore,SG,1.2897,103.8501,86.0,66,75,4.61,light rain
407,Te Anau,NZ,-45.4167,167.7167,71.2,51,1,2.68,clear sky
408,Zlobin,HR,45.2924,14.6541,42.8,42,40,11.5,scattered clouds
409,San Jose,US,37.3394,-121.895,57.2,58,20,11.5,few clouds
410,Lunenburg,CA,44.3835,-64.3155,37.0,69,0,6.46,clear sky
411,Tucurui,BR,-3.7661,-49.6725,71.22,97,100,1.45,light rain
412,Panjab,AF,34.388,67.0233,29.17,95,100,5.21,overcast clouds
413,Datong,CN,40.0936,113.2914,49.01,24,0,9.13,clear sky
414,Inongo,CD,-1.95,18.2667,69.73,92,99,3.83,overcast clouds
415,Madison Heights,US,42.4859,-83.1052,59.0,36,90,6.17,overcast clouds
416,Zhangye,CN,38.9342,100.4517,48.9,12,34,4.61,scattered clouds
417,Namatanai,PG,-3.6667,152.4333,86.49,65,79,6.13,broken clouds
418,Kangaba,ML,11.9333,-8.4167,83.08,46,99,1.3,overcast clouds
419,Tabou,CI,4.423,-7.3528,77.14,88,86,7.05,overcast clouds
420,Kosa,RU,59.9445,54.9977,23.09,95,100,6.67,overcast clouds
421,Muncar,ID,-8.4333,114.3333,86.25,67,96,6.02,overcast clouds
422,Wladyslawowo,PL,54.7909,18.4009,37.0,93,40,9.22,scattered clouds
423,Loei,TH,17.4167,101.5,84.0,57,0,2.3,clear sky
424,Dembi Dolo,ET,8.5333,34.8,63.73,61,17,4.14,few clouds
425,Bay Roberts,CA,47.5999,-53.2648,39.2,52,20,19.57,few clouds
426,La Ronge,CA,55.1001,-105.2842,14.0,57,92,9.22,overcast clouds
427,Matiri,TZ,-10.75,34.9,59.14,97,99,2.75,moderate rain
428,Ketchikan,US,55.3422,-131.6461,41.0,87,1,2.04,clear sky
429,Palana,RU,59.1167,159.9667,27.61,97,100,7.67,snow
430,Simdega,IN,22.6167,84.5167,86.59,26,5,4.23,clear sky
431,Verkhoyansk,RU,67.5447,133.385,-4.74,83,85,8.5,overcast clouds
432,Lompoc,US,34.6391,-120.4579,53.6,76,90,11.5,overcast clouds
433,Hongjiang,CN,27.11,109.9956,55.29,70,100,1.12,overcast clouds
434,Gazanjyk,TM,39.2446,55.5154,44.83,77,100,15.43,overcast clouds
435,Elliot,ZA,-31.3333,27.85,48.34,64,0,3.96,clear sky
436,Cabra,ES,37.4725,-4.4421,45.0,70,40,2.62,scattered clouds
437,Tazovskiy,RU,67.4667,78.7,-11.47,97,65,4.92,broken clouds
438,Mushie,CD,-3.0167,16.9,68.79,94,100,1.59,overcast clouds
439,Calvinia,ZA,-31.4707,19.776,69.01,33,0,8.05,clear sky
440,Grindavik,IS,63.8424,-22.4338,33.8,80,40,25.32,scattered clouds
441,Hailar,CN,49.2,119.7,42.08,36,7,14.97,clear sky
442,Flagstaff,US,35.1981,-111.6513,42.01,32,1,10.36,clear sky
443,Spasskoye,RU,44.6108,132.7969,44.33,52,100,16.28,overcast clouds
444,Eltham,NZ,-39.4292,174.3,66.99,70,60,4.83,broken clouds
445,Ahipara,NZ,-35.1667,173.1667,67.3,62,74,5.1,broken clouds
446,Vuktyl,RU,63.8567,57.3094,24.04,95,99,10.47,light snow
447,Alice Springs,AU,-23.7,133.8833,75.2,73,90,5.75,overcast clouds
448,Martapura,ID,-3.4167,114.85,82.4,83,40,3.44,scattered clouds
449,Dalnerechensk,RU,45.9339,133.7225,38.28,64,100,13.58,overcast clouds
450,Shimoda,JP,34.6667,138.95,55.4,47,20,10.36,few clouds
451,Liverpool,GB,53.4106,-2.9779,48.2,71,90,6.91,overcast clouds
452,Guilin,CN,25.2819,110.2864,55.4,76,20,2.24,few clouds
453,Lugovoy,KZ,42.9472,72.7644,49.95,51,100,6.2,overcast clouds
454,Joshimath,IN,30.5667,79.5667,59.92,41,98,1.79,overcast clouds
455,Lamar,US,33.6668,-95.5836,57.99,88,90,13.8,heavy intensity rain
456,San Andres,CO,12.5847,-81.7006,80.6,74,40,6.91,scattered clouds
457,Clyde River,CA,70.4692,-68.5914,-22.0,69,75,17.27,broken clouds
458,Teya,RU,60.3778,92.6267,20.34,88,100,3.78,overcast clouds
459,Taikang,CN,46.8333,124.4167,49.71,41,100,13.35,overcast clouds
460,Skjervoy,NO,70.0311,20.9714,39.34,89,100,25.93,overcast clouds
461,Moguer,ES,37.2756,-6.8385,50.0,63,27,1.01,scattered clouds
462,Inza,RU,53.8533,46.3586,22.5,94,100,5.95,overcast clouds
463,Kudahuvadhoo,MV,2.6708,72.8944,82.58,67,11,3.29,few clouds
464,Portland,US,45.5234,-122.6762,46.99,63,33,1.99,scattered clouds
465,Solnechnyy,RU,50.7214,136.6319,33.12,63,100,11.65,overcast clouds
466,Pappinisseri,IN,11.95,75.35,84.25,69,31,3.11,scattered clouds
467,Orlik,RU,52.5178,99.825,24.04,80,91,3.0,overcast clouds
468,Janauba,BR,-15.8025,-43.3089,68.88,66,37,3.67,scattered clouds
469,Okhotsk,RU,59.3833,143.3,19.94,85,100,17.72,overcast clouds
470,Oyama,JP,36.3,139.8,59.0,33,20,8.05,few clouds
471,Kashan,IR,33.9831,51.4364,62.94,29,97,2.71,overcast clouds
472,Auki,SB,-8.7676,160.7034,86.7,64,49,3.53,scattered clouds
473,Beloha,MG,-25.1667,45.05,73.15,95,24,4.59,light rain
474,Klintsy,RU,52.7602,32.2393,21.69,92,15,7.23,few clouds
475,Corinto,GR,37.9407,22.9573,52.0,62,71,8.01,broken clouds
476,Bac Lieu,VN,9.285,105.7244,88.34,53,100,17.47,overcast clouds
477,Phayao,TH,19.25,100.25,86.0,48,4,3.15,light rain
478,Gayny,RU,60.3071,54.3241,24.76,94,100,6.71,overcast clouds
479,Kysyl-Syr,RU,63.8986,122.7617,-12.46,85,7,9.06,clear sky
480,Palmer,US,42.1584,-72.3287,46.4,36,1,3.44,clear sky
481,Arlit,NE,18.7369,7.3853,75.99,10,78,11.88,broken clouds
482,Prince Rupert,CA,54.3161,-130.3201,42.8,75,1,3.44,clear sky
483,Charters Towers,AU,-20.1,146.2667,90.82,41,93,3.78,overcast clouds
484,Saskatoon,CA,52.1168,-106.6345,33.8,80,40,12.66,light snow
485,Mackenzie,CA,55.2999,-123.1698,35.6,64,90,3.44,overcast clouds
486,Baykit,RU,61.67,96.37,17.74,88,100,3.51,overcast clouds
487,Smithers,CA,54.7804,-127.1743,41.0,45,75,10.36,broken clouds
488,Basoko,CD,1.2391,23.616,69.57,94,100,1.74,overcast clouds
489,Santa Isabel,BR,-23.3156,-46.2214,73.4,83,75,4.61,broken clouds
490,Valparaiso,CL,-33.0393,-71.6273,63.0,56,0,8.9,clear sky
491,Amapa,BR,1.0,-52.0,71.37,99,100,1.48,overcast clouds
492,Ipixuna,BR,-1.7625,-48.8043,73.4,94,40,4.61,scattered clouds
493,Zwedru,LR,6.0667,-8.1281,71.6,95,100,2.66,overcast clouds
494,Ust-Kut,RU,56.7938,105.7672,29.17,85,100,8.1,overcast clouds
495,Petropavlovsk-Kamchatskiy,RU,53.0452,158.6483,32.0,74,75,13.42,light snow
496,Dieppe,FR,49.75,1.1667,35.01,93,39,2.3,scattered clouds
497,Hokitika,NZ,-42.7167,170.9667,62.62,75,99,7.96,overcast clouds
498,Golden,US,39.7555,-105.2211,37.0,86,75,6.91,light snow
499,Mangrol,IN,21.1167,70.1167,78.37,72,0,9.31,clear sky
500,Timmins,CA,48.4669,-81.3331,42.8,75,90,5.75,overcast clouds
501,Berga,NO,60.392,5.328,43.0,100,90,9.22,light rain
502,Gainesville,US,29.6516,-82.3248,60.8,77,1,5.75,clear sky
503,Kattivakkam,IN,13.2167,80.3167,78.8,83,20,2.3,mist
504,Caravelas,BR,-17.7125,-39.2481,74.3,85,0,3.51,clear sky
505,Batticaloa,LK,7.7102,81.6924,82.27,73,68,4.7,broken clouds
506,Kyshtovka,RU,56.555,76.6271,21.87,98,100,5.53,overcast clouds
507,Kirakira,SB,-10.4544,161.9205,83.5,76,100,5.35,overcast clouds
508,Hambantota,LK,6.1241,81.1185,78.8,100,20,3.44,few clouds
509,Guymon,US,36.6828,-101.4816,37.4,87,90,26.46,light rain
510,Muros,ES,42.7762,-9.0603,42.01,91,2,4.23,clear sky
511,Montepuez,MZ,-13.1256,38.9997,67.8,99,91,3.09,overcast clouds
512,Pimentel,PE,-6.8367,-79.9342,71.01,86,38,4.0,scattered clouds
513,Japura,ID,-0.3167,102.35,81.41,81,100,3.04,overcast clouds
514,Lagunas,PE,-5.2269,-75.6753,71.92,95,16,2.55,few clouds
515,Najran,SA,17.4924,44.1277,64.4,25,0,0.78,clear sky
516,Kjollefjord,NO,70.9457,27.3465,34.66,89,100,23.17,light snow
517,Arman,RU,59.7,150.1667,23.45,83,100,10.16,light snow
518,Yichang,CN,30.7144,111.2847,64.0,47,100,3.0,overcast clouds
519,Quanzhou,CN,24.9139,118.5858,60.8,48,0,11.18,clear sky
520,Kosovo Polje,XK,42.6394,21.0961,30.2,93,75,6.91,broken clouds
521,Lavrentiya,RU,65.5833,-171.0,1.85,83,3,4.54,clear sky
522,Waitati,NZ,-45.75,170.5667,61.0,87,27,4.0,scattered clouds
523,Itacare,BR,-14.2775,-38.9967,77.0,94,40,4.61,scattered clouds
524,Gomel,BY,52.4345,30.9754,27.0,86,0,8.95,clear sky
525,Tieling,CN,42.2931,123.8414,55.31,29,100,16.35,overcast clouds
526,Narayanpet,IN,16.7333,77.5,84.6,31,88,5.88,overcast clouds
527,Tikhvin,RU,59.6451,33.5294,8.67,99,87,1.32,overcast clouds
528,Panlaitan,PH,12.1191,119.8486,84.81,69,100,11.48,overcast clouds
529,Kovylkino,RU,54.0388,43.9139,24.01,97,100,4.59,light snow
530,Husavik,IS,66.0449,-17.3389,37.4,38,0,20.71,clear sky
531,Bosaso,SO,11.2842,49.1816,74.7,47,4,3.74,clear sky
532,Izhmorskiy,RU,56.194,86.6414,27.59,88,99,14.56,overcast clouds
533,Manokwari,ID,-0.8667,134.0833,83.41,66,65,3.31,broken clouds
534,Grodzisk Wielkopolski,PL,52.2276,16.3653,37.99,71,100,1.99,overcast clouds
535,Mungwi,ZM,-10.1732,31.3694,60.93,95,100,1.99,overcast clouds
536,Kuhdasht,IR,33.535,47.6061,53.82,45,98,4.34,overcast clouds
537,Pedernales,DO,18.0384,-71.744,77.09,77,100,5.59,overcast clouds
538,Nouakchott,MR,18.0858,-15.9785,68.0,64,0,12.66,clear sky
539,Christchurch,NZ,-43.5333,172.6333,69.8,60,8,11.5,clear sky
540,Markova,UA,48.6758,24.4138,21.78,88,72,5.7,broken clouds
541,Canar,EC,-2.55,-78.9333,57.2,94,100,0.83,overcast clouds
542,La Serena,CL,-29.9078,-71.2542,59.0,94,0,1.14,clear sky
543,Aksarka,RU,66.5606,67.7975,11.68,94,100,3.13,light snow
544,Ozernovskiy,RU,51.5,156.5167,29.86,76,100,29.44,light snow
545,Vaitape,PF,-16.5167,-151.75,83.77,73,10,14.99,light rain
546,Wukari,NG,7.85,9.7833,80.08,69,100,5.82,overcast clouds
547,Kharitonovo,RU,61.4009,47.4978,22.91,97,99,3.67,light snow
548,Kreminna,UA,49.0495,38.2179,34.29,91,100,2.93,light snow
549,Forssa,FI,60.8146,23.6215,28.0,93,100,1.01,overcast clouds
550,Byron Bay,AU,-28.65,153.6167,71.6,100,90,16.11,light rain
551,Krasnoarmeysk,RU,51.0239,45.6969,30.99,74,100,5.93,overcast clouds
552,Umm Lajj,SA,25.0213,37.2685,78.75,49,0,6.33,clear sky
553,Salym,RU,60.0625,71.4789,13.48,96,93,6.11,overcast clouds
554,Paita,PE,-5.0892,-81.1144,75.27,78,19,11.01,few clouds
555,Wattegama,LK,6.7989,81.4808,78.8,100,20,3.44,few clouds
556,Juegang,CN,32.3174,121.1855,61.0,44,0,10.38,clear sky
557,Roald,NO,62.5833,6.1333,46.4,81,90,13.8,overcast clouds
558,Ostrovnoy,RU,68.0531,39.5131,11.62,90,90,12.57,overcast clouds
559,Sale,MA,34.0389,-6.8166,48.0,100,0,5.64,clear sky
560,Altay,CN,47.8667,88.1167,37.26,54,100,3.09,overcast clouds
561,Simcoe,CA,42.8334,-80.2997,51.01,56,100,2.3,overcast clouds
562,Gonaives,HT,19.45,-72.6833,75.58,75,2,1.43,clear sky
563,Kapit,MY,2.0167,112.9333,86.85,64,86,2.89,overcast clouds
564,Shache,CN,38.4167,77.2406,49.96,33,16,1.52,few clouds
565,Sorland,NO,67.667,12.6934,41.86,80,100,31.32,overcast clouds
566,Zapolyarnyy,RU,69.4154,30.8136,24.8,74,40,18.41,scattered clouds
567,Gravdal,NO,68.1214,13.5031,40.73,81,93,31.03,overcast clouds
568,Jimo,CN,36.3897,120.4622,60.8,31,0,11.18,clear sky
569,Antalaha,MG,-14.9003,50.2788,74.93,91,25,4.32,scattered clouds
570,Vila Velha,BR,-20.3297,-40.2925,78.8,83,75,2.3,broken clouds
571,Roros,NO,62.5747,11.3842,23.0,93,90,3.44,overcast clouds
572,Banda Aceh,ID,5.5577,95.3222,85.57,62,97,9.57,overcast clouds
573,Yulara,AU,-25.2406,130.9889,73.4,73,90,6.91,overcast clouds
574,Luba,GQ,3.4568,8.5547,77.99,87,100,5.21,moderate rain
575,Pontianak,ID,-0.0333,109.3333,80.6,89,40,3.44,scattered clouds
576,Morondava,MG,-20.2833,44.2833,76.73,86,37,5.37,light rain
577,Huangpi,CN,30.8845,114.3779,57.2,51,100,4.47,overcast clouds
578,Along,IN,28.1667,94.7667,83.19,29,7,0.65,clear sky
579,Paso De Los Toros,UY,-32.8167,-56.5167,65.08,77,99,5.91,overcast clouds
580,Chingirlau,KZ,51.095,54.0814,17.69,95,97,7.45,overcast clouds
581,Faya,SA,18.3851,42.4509,59.0,76,0,3.74,clear sky
582,Milkovo,RU,54.7167,158.6167,30.81,64,45,26.11,scattered clouds
583,Svetlyy,RU,54.675,20.1347,39.2,87,0,6.71,clear sky
584,Biak,ID,-0.9131,122.8766,84.29,65,100,1.68,overcast clouds
585,Hamilton,US,39.1834,-84.5333,55.99,50,75,4.43,broken clouds
586,Wageningen,NL,51.9667,5.6667,41.0,81,90,2.3,overcast clouds
587,Upata,VE,8.0086,-62.3989,73.63,78,58,6.8,broken clouds
588,Puerto Ayacucho,VE,5.6639,-67.6236,75.16,87,96,2.51,overcast clouds
589,Royan,FR,45.6285,-1.0281,37.4,81,0,3.44,clear sky
590,Rocha,UY,-34.4833,-54.3333,62.8,81,100,0.27,moderate rain
591,Kumano,JP,34.3442,132.5894,55.4,62,75,8.05,broken clouds
592,Kulhudhuffushi,MV,6.6221,73.07,83.21,71,11,6.2,few clouds
593,Sembakung,ID,3.8167,117.25,77.63,94,100,2.86,moderate rain
594,Morgan City,US,29.6994,-91.2068,66.2,77,90,12.66,overcast clouds
595,Saint Andrews,US,34.0454,-81.1293,66.2,48,75,9.22,broken clouds
596,Beidao,CN,34.5686,105.8933,43.0,32,0,5.99,clear sky
597,Nerchinskiy Zavod,RU,51.3088,119.61,31.24,83,47,5.5,scattered clouds
598,Makinsk,KZ,52.6292,70.4169,14.36,94,100,3.69,overcast clouds
599,Chaplynka,UA,46.3651,33.5403,34.27,94,100,8.79,overcast clouds
600,Lufkin,US,31.3382,-94.7291,66.2,94,90,5.75,overcast clouds
601,San Quintin,MX,30.4833,-115.95,56.28,81,0,14.23,clear sky
602,Osmaniye,TR,37.0742,36.2478,63.0,69,100,4.36,overcast clouds
603,Kuytun,RU,54.3419,101.5036,31.17,94,97,5.53,overcast clouds
604,Aksha,RU,50.2814,113.2867,40.59,42,13,16.17,few clouds
605,Rudnyy,KZ,52.9594,63.1206,8.6,85,90,4.38,fog
606,Kidal,ML,18.4411,1.4078,74.14,13,10,12.03,clear sky
607,Paamiut,GL,61.994,-49.6678,14.76,68,100,6.44,overcast clouds
608,Clarence Town,AU,-32.5833,151.7833,69.8,94,90,12.66,light rain
609,North Bend,US,43.4065,-124.2243,46.4,81,75,4.61,broken clouds
610,Paraiso,CR,9.8383,-83.8656,69.8,100,75,3.44,broken clouds
611,Sao Filipe,CV,14.8961,-24.4956,69.89,72,13,10.74,few clouds
612,Anqing,CN,30.5092,117.0506,59.85,37,100,6.91,overcast clouds
613,Polunochnoye,RU,60.8697,60.4153,20.26,93,100,4.99,overcast clouds
614,Qandala,SO,11.472,49.8728,77.79,37,2,3.53,clear sky
615,Bubaque,GW,11.2833,-15.8333,76.32,63,98,14.88,overcast clouds
616,Suez,EG,29.9737,32.5263,73.11,62,100,26.04,overcast clouds
617,Kaoma,ZM,-14.7833,24.8,62.29,97,7,4.81,clear sky
618,Togur,RU,58.3631,82.8265,25.79,94,94,5.82,overcast clouds
619,Seymchan,RU,62.8833,152.4333,7.43,83,100,19.71,light snow
620,Ramsar,IR,36.9226,50.6426,46.4,93,20,4.61,few clouds
621,Fuerte Olimpo,PY,-21.0415,-57.8738,71.06,96,100,3.71,overcast clouds
622,Plettenberg Bay,ZA,-34.0527,23.3716,61.02,82,1,6.2,clear sky
623,Inta,RU,66.0317,60.1659,22.96,95,100,7.85,light snow
624,Port Shepstone,ZA,-30.7414,30.455,65.75,74,32,4.05,scattered clouds
625,Oelde,DE,51.8167,8.15,42.01,85,82,5.77,broken clouds
626,Kavaratti,IN,10.5669,72.642,82.44,74,100,9.6,overcast clouds
627,Kaeo,NZ,-35.1,173.7833,73.0,62,66,7.0,broken clouds
628,Gorontalo,ID,0.5412,123.0595,86.81,69,98,2.93,overcast clouds
629,Chilca,PE,-12.5211,-76.7372,73.0,78,0,12.66,clear sky
630,Zamora,EC,-4.0692,-78.9567,68.45,97,100,1.81,moderate rain
631,Taseyevo,RU,57.2169,94.8978,30.27,94,100,4.92,snow
632,Novoagansk,RU,61.9449,76.6625,14.09,95,98,6.22,overcast clouds
633,Krasnaya Gora,RU,52.9995,31.6023,24.8,86,0,8.95,clear sky
634,Raga,SS,8.4596,25.678,74.98,69,100,4.74,overcast clouds
635,Sawtell,AU,-30.3833,153.1,71.6,94,75,20.71,heavy intensity drizzle
636,North Berwick,GB,56.0583,-2.7229,46.99,71,92,3.0,overcast clouds
637,Amga,RU,60.8953,131.9608,-9.13,88,100,9.62,overcast clouds
638,Cortez,US,37.3489,-108.5859,44.6,23,1,12.66,clear sky
639,Aswan,EG,24.0934,32.907,81.66,29,0,8.95,clear sky
640,Bismil,TR,37.8486,40.6658,50.0,87,0,4.61,clear sky
641,Kandi,BJ,11.1342,2.9386,81.52,38,77,6.89,broken clouds
642,Zacatepec,MX,18.65,-99.2,78.44,26,4,1.72,clear sky
643,Mukhen,RU,48.1,136.1,37.62,70,76,13.24,broken clouds
644,Alekseyevka,RU,50.6309,38.6903,33.64,64,100,3.56,overcast clouds
645,Lundazi,ZM,-12.2929,33.1782,63.86,96,99,6.53,light rain
646,Rincon,US,32.296,-81.2354,62.6,77,1,4.61,clear sky
647,Port Macquarie,AU,-31.4333,152.9167,69.8,100,90,12.66,moderate rain
648,Quatre Cocos,MU,-20.2078,57.7625,77.0,94,40,5.75,scattered clouds
649,Severnyy,RU,50.677,36.5532,30.2,100,90,6.71,light snow
650,Elias Fausto,BR,-23.0428,-47.3739,75.0,78,0,11.5,clear sky
651,La Ligua,CL,-32.4524,-71.2311,63.25,70,0,0.96,clear sky
652,Nabire,ID,-3.3667,135.4833,81.43,79,99,3.69,overcast clouds
653,Pundaguitan,PH,6.3711,126.1689,82.69,74,97,15.43,overcast clouds
654,Swan Hill,AU,-35.3378,143.5544,66.88,74,100,10.11,overcast clouds
655,Kouroussa,GN,10.65,-9.8833,83.48,42,99,5.66,overcast clouds
656,Padang,ID,-0.9492,100.3543,82.4,78,40,1.14,scattered clouds
657,Isiro,CD,2.7739,27.616,65.16,98,71,2.24,broken clouds
658,Kruisfontein,ZA,-34.0033,24.7314,55.99,94,0,1.01,clear sky
659,Handia,IN,25.3833,82.1833,78.8,50,0,3.44,haze
660,Vanderhoof,CA,54.0166,-124.0198,28.94,91,4,3.09,clear sky
661,Bonavista,CA,48.6499,-53.1147,39.2,52,8,9.22,clear sky
662,Sibolga,ID,1.7427,98.7792,84.4,64,100,2.24,overcast clouds
663,Yingkou,CN,40.6648,122.2283,45.7,51,4,20.47,clear sky
664,Suclayin,PH,15.7568,121.5503,77.86,90,96,11.99,overcast clouds
665,Abu Dhabi,AE,24.4667,54.3667,69.8,52,0,3.44,clear sky
666,Batagay-Alyta,RU,67.8006,130.4114,-4.14,89,100,5.93,overcast clouds
667,Adrar,MR,20.5022,-10.0711,67.39,20,37,11.97,scattered clouds
668,Tigil,RU,57.8,158.6667,28.47,72,100,35.99,light snow
669,Kvitok,RU,56.0724,98.4813,32.4,89,100,5.26,overcast clouds
670,Balkanabat,TM,39.5108,54.3671,47.53,71,95,12.88,overcast clouds
671,Doha,QA,25.2867,51.5333,75.2,31,0,2.3,clear sky
672,Buchanan,LR,5.8808,-10.0467,76.46,87,100,4.97,overcast clouds
673,Araouane,ML,18.9048,-3.5265,68.11,15,9,11.3,clear sky
674,The Valley,AI,18.217,-63.0578,78.8,73,20,10.36,few clouds
675,Guanica,PR,17.9716,-66.908,75.99,24,16,1.99,few clouds
676,Vestmanna,FO,62.1564,-7.1664,41.0,93,90,5.75,drizzle
677,Tottori,JP,35.5,134.2333,57.2,41,20,11.5,few clouds
678,Visnes,NO,59.3556,5.2242,43.0,100,90,4.61,overcast clouds
679,Vanavara,RU,60.34,102.2797,20.25,89,99,4.79,overcast clouds
680,Poughkeepsie,US,41.7004,-73.921,44.01,51,0,2.68,clear sky
681,Nhulunbuy,AU,-12.2333,136.7667,87.8,70,40,8.05,scattered clouds
682,Zhangjiakou,CN,40.81,114.8794,48.56,28,0,3.94,clear sky
683,Rongcheng,CN,30.634,117.8517,61.27,38,95,3.31,overcast clouds
684,Deputatskiy,RU,69.3,139.9,-5.93,91,100,4.27,overcast clouds
685,Redwater,US,33.3582,-94.2544,64.4,63,90,5.75,overcast clouds
686,Columbia,US,34.0007,-81.0348,66.2,52,90,5.75,overcast clouds
687,Tomatlan,MX,19.9333,-105.25,66.42,68,1,3.94,clear sky
688,Kozachi Laheri,UA,46.7037,32.9776,33.8,93,75,4.47,broken clouds
689,Dalby,AU,-27.1833,151.2667,77.0,81,100,4.0,light rain
690,Yumen,CN,40.2833,97.2,47.59,12,82,4.03,broken clouds
691,Wanning,CN,18.8003,110.3967,70.43,77,100,6.89,overcast clouds
692,Zaragoza,ES,41.6561,-0.8773,45.0,65,0,8.05,clear sky
693,Brasilia De Minas,BR,-16.2064,-44.4333,66.76,71,62,5.37,broken clouds
694,Dibrugarh,IN,27.4833,94.9,73.4,68,75,4.61,mist
695,Snasa,NO,64.2457,12.3778,41.74,96,100,13.65,overcast clouds
696,Luanda,AO,-8.8368,13.2343,78.8,89,40,9.22,light rain
